{"cameraMode":{"drawMode":0,"name":"Shaded","section":"Shading Mode"},"sceneLighting":true,"audioPlay":false,"sceneViewState":{"m_AlwaysRefresh":false,"showFog":true,"showSkybox":true,"showFlares":true,"showImageEffects":true,"showParticleSystems":true,"showVisualEffectGraphs":true,"m_FxEnabled":true},"in2DMode":false,"pivot":{"x":-438.88800048828127,"y":300.79327392578127,"z":-340.8443908691406},"rotation":{"x":-0.07212100178003311,"y":-0.059214044362306598,"z":0.004293298348784447,"w":-0.9956386089324951},"size":803.05224609375,"orthographic":true}