{"cameraMode":{"drawMode":0,"name":"Shaded","section":"Shading Mode"},"sceneLighting":true,"audioPlay":false,"sceneViewState":{"m_AlwaysRefresh":false,"showFog":true,"showSkybox":true,"showFlares":true,"showImageEffects":true,"showParticleSystems":true,"showVisualEffectGraphs":true,"m_FxEnabled":true},"in2DMode":false,"pivot":{"x":-30.694660186767579,"y":5.544426918029785,"z":-51.689998626708987},"rotation":{"x":-0.2611888647079468,"y":-0.019693387672305108,"z":0.0053297835402190689,"w":-0.96507328748703},"size":6.202098369598389,"orthographic":false}